AMLYCURE	Ayurvedic hepatoprotective formulation + vitamins	0	0	Syrup
AMPOXIN	Ampicillin + Cloxacillin	0	1	Capsule
ANGIPLAT-2	Isosorbide dinitrate / antianginal (per strength)	1	0	Tablet
ANGIPLAT-6	Isosorbide dinitrate / antianginal (per strength)	1	0	Tablet
ANGIZAAR-AT	Losartan (+ Amlodipine or HCTZ per SKU)	0	0	Tablet
ANGIZAR-H	Losartan (+ Amlodipine or HCTZ per SKU)	0	0	Tablet
ANXIT-0	Alprazolam	1	1	Tablet
ARBITEL	Telmisartan (+ chlorthalidone / amlodipine / HCTZ per SKU)	0	0	Tablet
ARKAMIN	Clonidine	1	1	Tablet
ARTACIL-INJ	Atracurium	1	1	Injection
ASTHAKIND	Ambroxol + Guaifenesin + Terbutaline (typical)	0	0	Syrup
ASTHALIN	Levosalbutamol / Salbutamol (nebules)	1	0	Nebulization solution
ATCHOL	Atorvastatin (+ combination per suffix)	0	0	Tablet
ATCHOL-10	Atorvastatin (+ combination per suffix)	0	0	Tablet
ATCHOL-20	Atorvastatin (+ combination per suffix)	0	0	Tablet
ATIVAN-1	Lorazepam	1	1	Tablet
ATIVAN-2MG	Lorazepam	1	1	Tablet
ATROLIP	Atorvastatin (+ combination per suffix)	0	0	Tablet
AUGMENTIN	Amoxicillin + Clavulanic acid	0	0	Tablet
AUGMENTIN-625	Amoxicillin + Clavulanic acid	0	0	Tablet
AVAS-10	Atorvastatin (+ combination per suffix)	0	0	Tablet
AVIL-INJ	Pheniramine	0	0	Injection
AVOMINE	Promethazine	0	0	Tablet
AXCER-90	Aceclofenac	0	0	Tablet
AZEE	Azithromycin	0	0	Tablet
AZILIDE-500MG	Azithromycin	0	0	Tablet
AZITHRAL	Azithromycin	0	0	Tablet
AZIWOK	Azithromycin	0	0	Tablet
AZUNATE	Artesunate	1	0	Injection
B.T.SET	Medical device / consumable (non-drug)	0	0	Device
BACLOF	Baclofen	0	0	Tablet
BASAGLAR	Insulin (human / analogue per SKU)	1	1	Injection
BECOSULES	Vitamins / minerals / calcium / B-complex (per SKU)	0	0	Capsule
BELAR-FORTE	Bilastine + Montelukast	0	0	Tablet
BENFOMET	Vitamins / minerals / calcium / B-complex (per SKU)	0	0	Capsule
BEROCIN-DZ	Vitamins / minerals / calcium / B-complex (per SKU)	0	0	Capsule
BETANAZ-TR20	Betamethasone	1	1	Tablet
BETONIN	Iron + B12 tonic	0	0	Syrup
BETT	Betamethasone injection	1	1	Injection
BILOPLEX-M	Multivitamin + minerals	0	0	Capsule
BISOT-5	Bisoprolol	0	0	Tablet
BLUMOX-CA	Amoxicillin	0	0	Capsule
BRILINTA	Ticagrelor	1	1	Tablet
BRO-ZEDEX	Dextromethorphan + antihistamine + bronchodilator (per SKU)	0	0	Syrup
BRONCOCET-FORTE-OD	Dextromethorphan + antihistamine + bronchodilator (per SKU)	0	0	Syrup
BROZEDEX	Dextromethorphan + antihistamine + bronchodilator (per SKU)	0	0	Syrup
BROZEDEX-SF	Dextromethorphan + antihistamine + bronchodilator (per SKU)	0	0	Syrup
BUDECORT	Budesonide (inhalation / nebule)	1	0	Respule
BUDEKYNT	Budesonide (inhalation / nebule)	1	0	Respule
BUDETROL	Budesonide (inhalation / nebule)	1	0	Respule
BUSCOGAST	Antispasmodic + antacid	0	0	Tablet
CADIPAN	Pancreatic enzyme	0	0	Tablet
CALCIROL	Vitamins / minerals / calcium / B-complex (per SKU)	0	0	Capsule
CALDOB	Calcium + Vitamin D	0	0	Tablet
CALPOL-500	Paracetamol (Acetaminophen)	0	0	Tablet
CALPOL-650	Paracetamol (Acetaminophen)	0	0	Tablet
CALTIC-D3	Vitamins / minerals / calcium / B-complex (per SKU)	0	0	Capsule
CALTRIK-500	Vitamins / minerals / calcium / B-complex (per SKU)	0	0	Capsule
CALTRIK-60K	Vitamins / minerals / calcium / B-complex (per SKU)	0	0	Capsule
CALTRIK-TR	Vitamins / minerals / calcium / B-complex (per SKU)	0	0	Capsule
CANDICOM-200	Fluconazole	0	0	Capsule
CANDID	Clotrimazole topical	0	0	Cream
CANNULA	Medical device / consumable (non-drug)	0	0	Device
CARCAL	Calcium + Vitamin D3	0	0	Tablet
CARDARON	Amiodarone	1	1	Tablet
CARDIVAS-3	Carvedilol	0	0	Tablet
CARDIVAS6	Carvedilol	0	0	Tablet
CARLEVO-LS	Rabeprazole + Levosulpiride	0	0	Capsule
CARZOLE-DSR	Pantoprazole / Rabeprazole / Omeprazole (+ domperidone per SKU)	0	0	Capsule
CCM	Calcium citrate malate	0	0	Tablet
CEFBACT	Cephalosporin injection (verify vial)	1	0	Injection
CEFED	Cefuroxime axetil	0	0	Tablet
CEFOCLOX-XL	Cefpodoxime + Cefixime combo (verify)	0	0	Tablet
CEFOGUS	Cefpodoxime	0	0	Tablet
CEFRINE	Cephradine / cephalexin (verify)	0	0	Capsule
CEFTAS-200	Cefixime (+ clavulanic / ofloxacin per SKU)	0	0	Tablet
CEFTAS-CV	Cefixime (+ clavulanic / ofloxacin per SKU)	0	0	Tablet
CEFTAS-O	Cefixime (+ clavulanic / ofloxacin per SKU)	0	0	Tablet
CERUVIN-A	Clopidogrel (+ Aspirin per SKU)	1	1	Tablet
CETRILIV-AC	Levocetirizine + Paracetamol + Phenylephrine (+ caffeine per label)	0	0	Tablet
CETZINE	Cetirizine (+ phenylpropanolamine cold)	0	0	Tablet
CHLOZEP	Chlordiazepoxide	1	1	Tablet
CILATOZ-100	Cilostazol	0	0	Tablet
CIMUNE	Immunomodulator (verify)	0	0	Capsule
CIN-75	Cinnarizine	0	0	Tablet
CINDEXA	Cefixime	0	0	Tablet
CIPLAR-LA	Propranolol	0	0	Tablet
CIPLOX	Ciprofloxacin (+ tinidazole in TZ)	0	0	Tablet
CITIMAC	Citicholine	0	0	Tablet
CITRALKA	Disodium hydrogen citrate	0	0	Syrup
CLARIT-500	Clarithromycin	0	0	Tablet
CLAVAM	Amoxicillin + Clavulanic acid	0	0	Tablet
CLOBA	Clobazam	1	1	Tablet
CLOPIVAS	Clopidogrel (+ Aspirin per SKU)	1	1	Tablet
CLOZE	Clonazepam (+ combinations per SKU)	1	1	Tablet
CLOZE-MD	Clonazepam (+ combinations per SKU)	1	1	Tablet
COBADEX	Vitamins / minerals / calcium / B-complex (per SKU)	0	0	Capsule
COBADEX-CZS	Vitamins / minerals / calcium / B-complex (per SKU)	0	0	Capsule
COGUPERIN	Cefoperazone + Sulbactam	1	0	Injection
COL	Dental / oral care consumable (paste or brush per SKU)	0	0	Device
COLIMAX	Simethicone drops	0	0	Drops
COLLACAR	Collagen / nutraceutical	0	0	Tablet
COM-D3	Vitamins / minerals / calcium / B-complex (per SKU)	0	0	Capsule
COMBUTOL-800	Ethambutol	1	1	Tablet
COMCID-D	Digestive enzyme + antacid	0	0	Tablet
CONCOR-5MG	Bisoprolol	0	0	Tablet
CORCIUM	Vitamins / minerals / calcium / B-complex (per SKU)	0	0	Capsule
CORDARON-200MG	Amiodarone	1	1	Tablet
COREX	Codeine / antitussive (controlled — verify)	1	1	Syrup
CORT-S	Dexamethasone	1	1	Injection
COSKLOT-INJ	Antifibrinolytic / hemostatic (per SKU)	1	0	Injection
CRIZ	Multivitamin (verify CRIZ SKU)	0	0	Tablet
CURAM-625MG	Amoxicillin + Clavulanic acid	0	0	Tablet
CUROPINE	Copper supplement IV (verify)	1	0	Injection
CYPEE	Cyproheptadine	0	0	Tablet
CYPON-SYP	Cyproheptadine + Tricholine	0	0	Syrup
DAJIO	Dapagliflozin	1	0	Tablet
DANOGEN	Danazol	1	0	Capsule
DAPAGAIN-10	Antidiabetic (metformin / glimepiride / sitagliptin / vildagliptin / DPP-4 per SKU)	1	1	Tablet
DAPAGLYN	Antidiabetic (metformin / glimepiride / sitagliptin / vildagliptin / DPP-4 per SKU)	1	1	Tablet
DAXID	Sertraline	0	0	Tablet
DAYLIN-625	Amoxicillin + Clavulanic acid	0	0	Tablet
DELETUS-BX	Ambroxol + combinations	0	0	Syrup
DELETUS-D	Ambroxol + combinations	0	0	Syrup
DELISPRIN-75	Aspirin (low dose)	1	1	Tablet
DENTONE	Antiseptic gum paint	0	0	Gel
DEPOF-37	Medroxyprogesterone	0	0	Injection
DERIPHYLLIN	Theophylline / Etophylline derivatives	1	0	Tablet
DERIPHYLLIN-INJ	Theophylline / Etophylline derivatives	1	0	Tablet
DESLIFT	Desloratadine	0	0	Tablet
DESTEYN	Desloratadine + Montelukast	0	0	Tablet
DEXONA-INJ	Dexamethasone	1	1	Injection
DIANORM	Antidiabetic (metformin / glimepiride / sitagliptin / vildagliptin / DPP-4 per SKU)	1	1	Tablet
DIAPAR	Diaper / barrier cream (non-drug)	0	0	Cream
DIDASE-P	Drotaverine + Paracetamol	0	0	Tablet
DIETAID-M	Enteral nutrition (verify)	0	0	Liquid
DILZEM	Diltiazem	0	0	Tablet
DISMEF	Oral rehydration / antiemetic (verify)	0	0	Syrup
DISPRIN	Aspirin	1	1	Tablet
DIVA-OD-500MG	Diacerein + Glucosamine (typical)	0	0	Tablet
DIZEPAX	Diazepam	1	1	Tablet
DLR-6	Dextrose + electrolytes (IV fluid)	0	0	Injection
DOLO	Paracetamol (Acetaminophen)	0	0	Tablet
DOLOMED	Paracetamol + muscle relaxant / NSAID (per SKU)	0	0	Tablet
DOLOMED-MR	Paracetamol + muscle relaxant / NSAID (per SKU)	0	0	Tablet
DOLONEX-DT	Piroxicam	0	0	Tablet
DOLONEX-INJ	Piroxicam	0	0	Tablet
DOLOPAR	Paracetamol + muscle relaxant / NSAID (per SKU)	0	0	Tablet
DOLOTUSS-SF	Dextromethorphan cough syrup	0	0	Syrup
DOMIN	Domperidone	0	0	Tablet
DOTHIP-50	Dosulepin	0	0	Tablet
DOUSE-MR	Collagen peptide + nutritional (ortho)	0	0	Tablet
DOXCEF-200	Cefixime (+ clavulanic / ofloxacin per SKU)	0	0	Tablet
DOXCEF-O	Cefixime (+ clavulanic / ofloxacin per SKU)	0	0	Tablet
DOXLIN	Doxycycline	0	0	Capsule
DULOXEE-60	Duloxetine	0	0	Tablet
DUOLIN	Levosalbutamol + Ipratropium	1	0	Nebulization solution
DUOZ	Levosalbutamol + Ipratropium	1	0	Nebulization solution
DX-10	IV dextrose / saline / DNS (per bag)	0	0	Injection
DX-25	IV dextrose / saline / DNS (per bag)	0	0	Injection
DX-DNS	IV dextrose / saline / DNS (per bag)	0	0	Injection
DX-NS	IV dextrose / saline / DNS (per bag)	0	0	Injection
DX-NS100	IV dextrose / saline / DNS (per bag)	0	0	Injection
DX-RL	IV dextrose / saline / DNS (per bag)	0	0	Injection
DYAMIDE	Torsemide + Spironolactone (per SKU)	0	0	Tablet
DYCOSET-SPAS	Dicyclomine + Mefenamic acid	0	0	Tablet
DYDROLADY	Drotaverine	0	0	Tablet
DYTOR	Torsemide	0	0	Tablet
DYTOR-10	Torsemide	0	0	Tablet
DYTOR-INJ	Torsemide	0	0	Tablet
E-ZEX	Evening primrose / EFA (verify)	0	0	Softgel
EBAST-10	Ebastine (+ montelukast in M)	0	0	Tablet
EBAST-M	Ebastine (+ montelukast in M)	0	0	Tablet
ELECTROD	Electrolyte powder	0	0	Powder
ELIQUIS	Apixaban	1	1	Tablet
ELIXER	Multivitamin elixir	0	0	Syrup
ELTROXIN-100MG	Levothyroxine	1	1	Tablet
ELTROXIN-50MG	Levothyroxine	1	1	Tablet
EMADOSE	Emollient / wound (verify)	0	0	Cream
EMBETA	Metoprolol	0	0	Tablet
EMESET	Ondansetron	0	0	Tablet
EMPAPRO	Empagliflozin	1	0	Tablet
EMSET	Ondansetron	0	0	Tablet
ENEMA	Rectal enema (device / solution)	0	0	Device
ENOXAFLO	Enoxaparin	1	1	Injection
ENTERO-PLUS	Probiotic	0	0	Capsule
ENTROFLORA	Probiotic	0	0	Capsule
ENZOVIT	Vitamins / minerals / calcium / B-complex (per SKU)	0	0	Capsule
EPHINOR	Ephedrine / nasal decongestant (verify)	0	0	Drops
EPICETAM	Piracetam	0	0	Syrup
EPODOXIM-200	Cefpodoxime	0	0	Tablet
EPSOLIN	Phenytoin	1	1	Tablet
EPTION-ER300	Phenytoin	1	1	Tablet
EPTOIN-INJ	Phenytoin	1	1	Tablet
EPTOKIND	Phenytoin	1	1	Tablet
EROPHYLLIN	Theophylline / Etophylline derivatives	1	0	Tablet
EROSTIN-10	Rosuvastatin	0	0	Tablet
EROSTIN-20	Rosuvastatin	0	0	Tablet
EROX	Amoxicillin + Clavulanic acid	0	0	Tablet
ESCIT-10	Escitalopram	1	0	Tablet
ESCIT-5	Escitalopram	1	0	Tablet
ESCITALENT-10	Escitalopram	1	0	Tablet
ESCITALENT-5	Escitalopram	1	0	Tablet
ESGIPYRIN	Serratiopeptidase + NSAID combo (verify)	0	0	Tablet
ESORANT-DSR	Pantoprazole / Rabeprazole / Omeprazole (+ domperidone per SKU)	0	0	Capsule
ETCOM-90	Etoricoxib combinations	0	0	Tablet
ETCOM-P	Etoricoxib combinations	0	0	Tablet
ETHASYL-INJ	Antifibrinolytic / hemostatic (per SKU)	1	0	Injection
ETINAZ	Clonazepam (+ combinations per SKU)	1	1	Tablet
ETOFLAM-P	Etodolac + Paracetamol	0	0	Tablet
ETOGYP-PLUS	NSAID combination (verify)	0	0	Tablet
ETORICA	Etoricoxib (+ paracetamol in P)	0	0	Tablet
ETORICA-P	Etoricoxib (+ paracetamol in P)	0	0	Tablet
EZ0LENT-0	Clonazepam (+ combinations per SKU)	1	1	Tablet
EZOLENT	Clonazepam (+ combinations per SKU)	1	1	Tablet
FARONAC-200	Faropenem	0	0	Tablet
FARONEM	Faropenem	0	0	Tablet
FASTNEM-200	Faropenem	0	0	Tablet
FEBREX-PLUS	Paracetamol + Phenylephrine + CPM	0	0	Tablet
FEBUSERCH	Febuxostat	1	0	Tablet
FEEDING	Enteral feeding tube (device)	0	0	Device
FEGRA-120	Fexofenadine (also antihistamine)	0	0	Tablet
FEGRA-180	Fexofenadine (also antihistamine)	0	0	Tablet
FERAUS-XT	Vitamins / minerals / calcium / B-complex (per SKU)	0	0	Capsule
FERISE-Z	Vitamins / minerals / calcium / B-complex (per SKU)	0	0	Capsule
FERISOME	Vitamins / minerals / calcium / B-complex (per SKU)	0	0	Capsule
FERTOMID	Clomifene	0	0	Tablet
FIGHTOX	Amoxicillin + Clavulanic acid	0	0	Tablet
FLAGYL	Metronidazole	0	0	Tablet
FLAGYL-400	Metronidazole	0	0	Tablet
FLODART-PLUS	Tamsulosin + Dutasteride	0	0	Capsule
FLOMIST	Fluticasone nasal spray	0	0	Nasal spray
FLORIMAX	Herbal cough (verify)	0	0	Syrup
FLUTEE	Flunarizine	0	0	Tablet
FOCUZ-10	Flunarizine 10	0	0	Tablet
FOL-5	Vitamins / minerals / calcium / B-complex (per SKU)	0	0	Capsule
FOLFIT	Vitamins / minerals / calcium / B-complex (per SKU)	0	0	Capsule
FOLITREX	Vitamins / minerals / calcium / B-complex (per SKU)	0	0	Capsule
FOLLY-CATH	Medical device / consumable (non-drug)	0	0	Device
FOLOUP-200	Vitamins / minerals / calcium / B-complex (per SKU)	0	0	Capsule
FOLVITE	Vitamins / minerals / calcium / B-complex (per SKU)	0	0	Capsule
FORACORT	Budesonide + Formoterol	1	0	Inhaler
FORTAPIL	Sildenafil	1	0	Tablet
FRIMIXON	Antibiotic eye (verify)	0	0	Drops
FUNGIKEM-200	Fluconazole / antifungal (per SKU)	0	0	Capsule
FUNGISTAT-200	Fluconazole / antifungal (per SKU)	0	0	Capsule
FURATOIN-SR	Nitrofurantoin	0	0	Tablet
FUSYS	Fluconazole / antifungal (per SKU)	0	0	Capsule
FUSYS-150	Fluconazole / antifungal (per SKU)	0	0	Capsule
FZD	Multivitamin softgel	0	0	Softgel
GABAPIN	Gabapentin + Methylcobalamin	1	0	Capsule
GANATOTAL	Ganciclovir / antiviral (verify)	1	1	Injection
GASTORAFT	Antacid / raft-forming (per SKU)	0	0	Liquid
GASTROCOOL	Antacid liquid	0	0	Liquid
GELUSIL	Aluminium hydroxide + Magnesium hydroxide	0	0	Liquid
GENOFIX-LZ	Cefixime + Linezolid	1	0	Tablet
GENOMOX-CV	Amoxicillin + Clavulanic acid	0	0	Tablet
GENPURE	Cefixime + Ornidazole	0	0	Tablet
GENTICYN-INJ	Gentamicin	1	1	Injection
GLIMECURE-M1	Antidiabetic (metformin / glimepiride / sitagliptin / vildagliptin / DPP-4 per SKU)	1	1	Tablet
GLIMZEX-M1	Antidiabetic (metformin / glimepiride / sitagliptin / vildagliptin / DPP-4 per SKU)	1	1	Tablet
GLIMZEX-M2	Antidiabetic (metformin / glimepiride / sitagliptin / vildagliptin / DPP-4 per SKU)	1	1	Tablet
GLOBAC-Z	Carbonyl iron + Zinc + Folic acid	0	0	Capsule
GLOVES	Medical device / consumable (non-drug)	0	0	Device
GLUFORMIN	Antidiabetic (metformin / glimepiride / sitagliptin / vildagliptin / DPP-4 per SKU)	1	1	Tablet
GLYCOMET	Antidiabetic (metformin / glimepiride / sitagliptin / vildagliptin / DPP-4 per SKU)	1	1	Tablet
GRAMOCEF-O	Cefpodoxime + Ofloxacin	0	0	Tablet
GROWSAP	Growth supplement paediatric	0	0	Syrup
GUDCEF	Cefixime (+ clavulanic / ofloxacin per SKU)	0	0	Tablet
GUDCEF-200	Cefixime (+ clavulanic / ofloxacin per SKU)	0	0	Tablet
GUDPRESS-XL25	Metoprolol succinate (extended release)	0	0	Capsule
GUDPRESS-XL50	Metoprolol succinate (extended release)	0	0	Capsule
HANASPLAST	Medical device / consumable (non-drug)	0	0	Device
HAPPI-D	Domperidone + Omeprazole	0	0	Capsule
HEM	Haemostatic / iron (verify HEM)	0	0	Injection
HEXI	Topical gel (verify)	0	0	Gel
HEXIDINE	Chlorhexidine mouthwash	0	0	Mouthwash
HIPRIL-2	Ramipril	0	0	Tablet
HIPRIL-5	Ramipril	0	0	Tablet
HISONE-100	Hydrocortisone	1	1	Tablet
HISTAFREE-120	Fexofenadine / antihistamine	0	0	Tablet
HISTAKIND-120	Fexofenadine / antihistamine	0	0	Tablet
HIZET	Atenolol	0	0	Tablet
HIZET-10MG	Atenolol	0	0	Tablet
HOPACE	Ramipril	0	0	Tablet
HOPACE-1	Ramipril	0	0	Tablet
HOPACE-10MG	Ramipril	0	0	Tablet
HOPACE-2	Ramipril	0	0	Tablet
HOPACE-5	Ramipril	0	0	Tablet
HUMINSULIN	Insulin (human / analogue per SKU)	1	1	Injection
HYOCIMAX	Hyoscine butylbromide + paracetamol (per SKU)	0	0	Tablet
HYOCIMAX-S	Hyoscine butylbromide + paracetamol (per SKU)	0	0	Tablet
I/V SET	Medical device / consumable (non-drug)	0	0	Device
IBUGESIC	Ibuprofen (+ paracetamol in PLUS)	0	0	Syrup
IMMULINA-400	Herbal immunomodulator	0	0	Capsule
IMODIUM	Loperamide	0	0	Capsule
INJEK	Iron sucrose / injection iron (verify)	1	1	Injection
INSULIN-SYRINGE	Medical device / consumable (non-drug)	0	0	Device
ISRYL-1	Antidiabetic (metformin / glimepiride / sitagliptin / vildagliptin / DPP-4 per SKU)	1	1	Tablet
ISRYL-2	Antidiabetic (metformin / glimepiride / sitagliptin / vildagliptin / DPP-4 per SKU)	1	1	Tablet
ISRYL-M2	Antidiabetic (metformin / glimepiride / sitagliptin / vildagliptin / DPP-4 per SKU)	1	1	Tablet
ITACID-DSR	Pantoprazole / Rabeprazole / Omeprazole (+ domperidone per SKU)	0	0	Capsule
IVABEAT	Ivabradine	0	0	Tablet
JUVIGEN	Ginseng multivitamin	0	0	Capsule
K-90	Potassium chloride oral (verify)	1	1	Sachet
K-BIND	Vitamins / minerals / calcium / B-complex (per SKU)	0	0	Capsule
KETASMA	Ketotifen	0	0	Tablet
KMNO4	Potassium permanganate	0	0	Powder
KUFFOGUS	Ambroxol + herbal (verify)	0	0	Syrup
L-CIN	Levofloxacin	0	0	Tablet
LANOXIN	Digoxin	1	1	Tablet
LAPFUR-SR	Furazolidone + Metronidazole (typical Lapfur)	0	0	Tablet
LAPSPAS-M	Dicyclomine + Mefenamic acid / antispasmodic	0	0	Tablet
LARIAGO-DS	Chloroquine	1	0	Tablet
LARIAGO-INJ	Chloroquine	1	0	Tablet
LARINATE-200	Artemether + Lumefantrine	0	0	Tablet
LAVETA	Levocetirizine (+ montelukast)	0	0	Tablet
LAVETA-M	Levocetirizine (+ montelukast)	0	0	Tablet
LEVIPIL-500	Levetiracetam	1	0	Tablet
LEVOBACT-500	Levofloxacin	0	0	Tablet
LEVOFLOX-500	Levofloxacin / Ofloxacin (+ ornidazole in OZ lines)	0	0	Tablet
LEVOKAST	Levocetirizine + Montelukast	0	0	Tablet
LEVOLIN	Levosalbutamol (+ combinations)	1	0	Syrup
LEVOMAV	Levofloxacin IV	0	0	Injection
LEZOMAC	Levofloxacin	0	0	Tablet
LIBRATE	Chlordiazepoxide + Trifluoperazine (typical Librium line)	1	1	Tablet
LIBROLENT	Chlordiazepoxide + Trifluoperazine (typical Librium line)	1	1	Tablet
LIMCEE	Vitamins / minerals / calcium / B-complex (per SKU)	0	0	Capsule
LINANAT-M	Linagliptin + Metformin	1	0	Tablet
LIPIGO	Atorvastatin (+ combination per suffix)	0	0	Tablet
LIPIGO-10	Atorvastatin (+ combination per suffix)	0	0	Tablet
LIQUID	Liquid paraffin	0	0	Liquid
LIV-52	Herbal liver tonic	0	0	Syrup
LIVFIT	Herbal liver tonic	0	0	Syrup
LIVOGEN-Z	Ferrous fumarate + Zinc + Folic acid	0	0	Tablet
LIZOMAC	Linezolid (IV)	1	0	Injection
LNZ	Linezolid	1	0	Tablet
LOBATE	Clobetasol + Neomycin + Miconazole (topical)	1	0	Cream
LOBATE-GM	Clobetasol + Neomycin + Miconazole (topical)	1	0	Cream
LOPEZ-INJ	Loperamide injection (verify) / or ondansetron	0	0	Injection
LORI-INJ	Lorazepam	1	1	Injection
LOX-2	Lidocaine jelly	1	0	Gel
LOXICARD-50ML	Lignocaine IV / amiodarone carrier (verify)	1	1	Injection
LUMERAX-80MG	Artemether + Lumefantrine	0	0	Tablet
LUMET	Artemether + Lumefantrine	0	0	Tablet
LUPIRTIN	Piracetam	0	0	Tablet
LUPITUSS	Ambroxol / cough (verify)	0	0	Syrup
LYCOFINE	Lycopene multivitamin	0	0	Capsule
LYSER	Diclofenac gel / topical	0	0	Gel
LYSER-D	Diclofenac gel / topical	0	0	Gel
M KAST LC	Montelukast (+ levocetirizine in LC)	0	0	Tablet
M.V.I.-INJ	Multivitamin (parenteral)	0	0	Injection
MAC	Multivitamin paediatric (verify MAC)	0	0	Drops
MACBERY	Ambroxol paediatric	0	0	Syrup
MACPOD	Cefixime (+ clavulanic / ofloxacin per SKU)	0	0	Tablet
MACZYME	Digestive enzyme	0	0	Capsule
MAGRIUM	Magnesium supplement	0	0	Tablet
MANNITOL-100ML	Mannitol IV	1	0	Injection
MAXICEF	Cefuroxime / cephalosporin (verify)	0	0	Tablet
MAXVERT	Meclizine + Pyridoxine (vertigo)	0	0	Tablet
MAZETOL	Carbamazepine	1	1	Tablet
ME-12OD	Methylcobalamin	0	0	Tablet
MECONERV	Vitamins / minerals / calcium / B-complex (per SKU)	0	0	Capsule
MECONERV-FORTE	Vitamins / minerals / calcium / B-complex (per SKU)	0	0	Capsule
MEDIPAR-M	Paracetamol + Chlorzoxazone	0	0	Tablet
MEDLER	Chlorpheniramine + Paracetamol + Phenylephrine	0	0	Tablet
MEFPREX-P	Dicyclomine + Mefenamic acid / antispasmodic	0	0	Tablet
MEFTAL-FORTE	Mefenamic acid	0	0	Tablet
MEFTAL-SPAS	Dicyclomine + Mefenamic acid / antispasmodic	0	0	Tablet
MEGA-CV	Amoxicillin + Clavulanic acid	0	0	Tablet
MEGACHOLIN	Choline + B vitamins (injectable)	0	0	Injection
MEGAMOX-CV	Amoxicillin + Clavulanic acid	0	0	Tablet
MEGAPEACE0	Clonazepam	1	1	Tablet
MEGAZOLID	Linezolid	1	0	Tablet
MENARIF	Menadione / vitamin K (verify)	1	0	Tablet
MENOPRES	Hormone / menopause (verify)	0	0	Tablet
MERO	Carbapenem / beta-lactamase combo (per vial)	1	0	Injection
MEROMAC	Carbapenem / beta-lactamase combo (per vial)	1	0	Injection
MEROSURE-O	Carbapenem / beta-lactamase combo (per vial)	1	0	Injection
METAPRO	Metoprolol (+ HCTZ per SKU)	0	0	Tablet
METAPRO-XL-25	Metoprolol (+ HCTZ per SKU)	0	0	Tablet
METAPRO-XL-50	Metoprolol (+ HCTZ per SKU)	0	0	Tablet
METOLAR	Metoprolol (+ telmisartan or other per SKU)	0	0	Tablet
METOLINK-G1	Metoprolol (+ telmisartan or other per SKU)	0	0	Tablet
METOLINK-G2	Metoprolol (+ telmisartan or other per SKU)	0	0	Tablet
METOXIM-200	Cefpodoxime	0	0	Tablet
MEZOLAM-INJ	Midazolam	1	1	Injection
MICRO-D3	Vitamins / minerals / calcium / B-complex (per SKU)	0	0	Capsule
MICROCEF	Cefixime (+ clavulanic / ofloxacin per SKU)	0	0	Tablet
MICROCEFF-O	Cefixime (+ clavulanic / ofloxacin per SKU)	0	0	Tablet
MICROFER	Iron supplement	0	0	Capsule
MICROFLOX-500	Levofloxacin / Ofloxacin (+ ornidazole in OZ lines)	0	0	Tablet
MICROLIV	Liver extract + B vitamins	0	0	Capsule
MICROSET	IV infusion set (device)	0	0	Device
MIKACIN	Amikacin	1	1	Injection
MILCEF500	Cefixime (+ clavulanic / ofloxacin per SKU)	0	0	Tablet
MINIPRIDE-P	Antidiabetic (metformin / glimepiride / sitagliptin / vildagliptin / DPP-4 per SKU)	1	1	Tablet
MNC	Vitamins / minerals / calcium / B-complex (per SKU)	0	0	Capsule
MNFLOX	Moxifloxacin + Ornidazole (OZ line)	1	0	Tablet
MNTOP	Pantoprazole / Rabeprazole / Omeprazole (+ domperidone per SKU)	0	0	Capsule
MNXIME	Cefixime (+ clavulanic / ofloxacin per SKU)	0	0	Tablet
MONKEZIN	Nitroimidazole + fluoroquinolone (verify)	0	0	Tablet
MONOCEF	Ceftriaxone (+ oral line per SKU)	0	0	Injection
MONOCEF-O	Ceftriaxone (+ oral line per SKU)	0	0	Injection
MONSAP-L	Montelukast + Levocetirizine	0	0	Tablet
MONTAIR	Montelukast (+ levocetirizine in LC)	0	0	Tablet
MONTAIR-LC	Montelukast (+ levocetirizine in LC)	0	0	Tablet
MONTI	Montelukast (+ levocetirizine in LC)	0	0	Tablet
MONTRAL	Montelukast (+ levocetirizine in LC)	0	0	Tablet
MOXCLAV	Amoxicillin + Clavulanic acid	0	0	Tablet
MPX-CV625	Amoxicillin + Clavulanic acid	0	0	Tablet
MUCAIN	Antacid + oxetacaine / local anesthetic gel	0	0	Gel
MUDANTIL-F	Multivitamin + lycopene	0	0	Capsule
MYOSTIGMIN-5ML	Neostigmine	1	1	Injection
NAC	Acetylcysteine	0	0	Tablet
NALCON-50	Naltrexone	1	1	Tablet
NAZIPAM	Clonazepam (+ combinations per SKU)	1	1	Tablet
NEB-MASK	Medical device / consumable (non-drug)	0	0	Device
NEBILONG	Nebivolol (+ Amlodipine per SKU)	0	0	Tablet
NEBILONG-5	Nebivolol (+ Amlodipine per SKU)	0	0	Tablet
NEBILONG-AM	Nebivolol (+ Amlodipine per SKU)	0	0	Tablet
NEOMERCAZOLE	Carbimazole	1	1	Tablet
NEOROF	Propofol	1	1	Injection
NERVOSHIELD-CAP	Neurotropic B vitamins / antioxidants (per SKU)	0	0	Capsule
NERVUP	Neurotropic B vitamins / antioxidants (per SKU)	0	0	Capsule
NEURICA-M	Pregabalin + Methylcobalamin	0	0	Tablet
NEXITO	Escitalopram	0	0	Tablet
NEXOVAS	Amlodipine + combination (per SKU)	0	0	Tablet
NIMARK-P	Nimesulide + Paracetamol	1	0	Tablet
NIMPREX-P	Nimesulide + Paracetamol	1	0	Tablet
NITE-10	Nitrazepam	1	1	Tablet
NITRIFIX	Isosorbide mononitrate / antianginal (verify)	0	0	Tablet
NITROLONG-2	Isosorbide dinitrate / antianginal (per strength)	1	0	Tablet
NITROLONG-6	Isosorbide dinitrate / antianginal (per strength)	1	0	Tablet
NITROPLUS-INJ	Nitroglycerin (GTN)	1	1	Injection
NODOSIS	Sodium bicarbonate	0	0	Powder
NORAD-INJ	Noradrenaline (Norepinephrine)	1	1	Injection
NORFLOX	Norfloxacin (+ tinidazole in TZ)	0	0	Tablet
NORFLOX-400MG	Norfloxacin (+ tinidazole in TZ)	0	0	Tablet
NORMAXIN	Norfloxacin + Tinidazole	0	0	Tablet
NOVASPAS	Dicyclomine + Mefenamic acid / antispasmodic	0	0	Tablet
NOVATERMIN	Aminoglycoside / antibiotic IV (verify)	1	0	Injection
NUROKIND	Methylcobalamin + B vitamins / pregabalin (per SKU)	0	0	Tablet
NUROKIND-INJ	Methylcobalamin + B vitamins / pregabalin (per SKU)	0	0	Tablet
NUROKIND-LC	Methylcobalamin + B vitamins / pregabalin (per SKU)	0	0	Tablet
NUROSLER	Methylcobalamin + B vitamins / pregabalin (per SKU)	0	0	Tablet
NUROXYCA-P	Methylcobalamin + B vitamins / pregabalin (per SKU)	0	0	Tablet
NUTRISAP-LSOFTGEL	Vitamins / minerals / calcium / B-complex (per SKU)	0	0	Capsule
O-STAT	Orlistat	0	0	Capsule
OCIN-400	Ofloxacin	0	0	Tablet
ODOXIL	Cefixime (+ clavulanic / ofloxacin per SKU)	0	0	Tablet
OFLER	Levofloxacin / Ofloxacin (+ ornidazole in OZ lines)	0	0	Tablet
OFLOMAC	Levofloxacin / Ofloxacin (+ ornidazole in OZ lines)	0	0	Tablet
OFLOX	Levofloxacin / Ofloxacin (+ ornidazole in OZ lines)	0	0	Tablet
OKDEF	Dapagliflozin	1	0	Tablet
OKFEB	Febuxostat / or dapagliflozin combo (verify SKU)	1	0	Tablet
OLAN-10	Olanzapine	1	1	Tablet
OLAN-2	Olanzapine	1	1	Tablet
OLAN-5	Olanzapine	1	1	Tablet
OLMAT-H	Olmesartan (+ HCTZ / Amlodipine per SKU)	0	0	Tablet
OLMETIME-20	Olmesartan (+ HCTZ / Amlodipine per SKU)	0	0	Tablet
OLMETIME-40	Olmesartan (+ HCTZ / Amlodipine per SKU)	0	0	Tablet
OLMETIME-H20	Olmesartan (+ HCTZ / Amlodipine per SKU)	0	0	Tablet
OLMETIME-H40	Olmesartan (+ HCTZ / Amlodipine per SKU)	0	0	Tablet
OMNICEF-O	Cefdinir (+ line per SKU)	0	0	Capsule
ONARNI	Sacubitril + Valsartan	1	1	Tablet
ORNAMAC	Ornidazole + infusion base	0	0	Injection
ORNI-O	Ornidazole (+ ofloxacin typical)	0	0	Tablet
ORPENEM	Carbapenem / beta-lactamase combo (per vial)	1	0	Injection
ORTHODEX	Dexamethasone + antibiotic ophthalmic (verify)	1	0	Injection
ORVAS-10	Atorvastatin (+ combination per suffix)	0	0	Tablet
ORVAS-20	Atorvastatin (+ combination per suffix)	0	0	Tablet
ORVAS-FT	Atorvastatin (+ combination per suffix)	0	0	Tablet
OXY	Oxygen delivery set (device)	0	0	Device
OXYBRO	Oxybutynin	0	0	Tablet
PACITANE	Trihexyphenidyl	0	0	Tablet
PANTOPRAZ	Pantoprazole	0	0	Injection
PANTOSLER	Pantoprazole / Rabeprazole / Omeprazole (+ domperidone per SKU)	0	0	Capsule
PANTOSLER-40	Pantoprazole / Rabeprazole / Omeprazole (+ domperidone per SKU)	0	0	Capsule
PARAMET	Metoclopramide + Paracetamol	0	0	Tablet
PATERNIA	Carnitine + antioxidants (male fertility)	0	0	Tablet
PEDIA	Paediatric IV infusion set (device)	0	0	Device
PEGGY	Polyethylene glycol laxative	0	0	Powder
PENZOLE	Pantoprazole	0	0	Capsule
PERINORM-INJ	Metoclopramide	0	0	Injection
PERISET-INJ	Metoclopramide	0	0	Injection
PERISET-MD	Metoclopramide	0	0	Injection
PETRIL	Clonazepam (+ beta blocker in BETA SKUs)	1	1	Tablet
PHENERGAN-INJ	Promethazine	0	0	Injection
PHLEBOTROY	Topical phlebitis care (verify)	0	0	Spray
PICLIN	Sodium picosulfate / laxative (verify)	0	0	Syrup
PIRITON	Chlorpheniramine	0	0	Syrup
PIXIT	Pitavastatin	0	0	Tablet
PLAGERINE-A	Clopidogrel (+ Aspirin per SKU)	1	1	Tablet
PLATEVOX	Antiplatelet combination (clopidogrel/aspirin — verify SKU)	1	1	Tablet
PLATEZEX-TAB	Antiplatelet combination (clopidogrel/aspirin — verify SKU)	1	1	Tablet
PLATSLER	Antiplatelet combination (clopidogrel/aspirin — verify SKU)	1	1	Tablet
PLATSURE	Antiplatelet combination (clopidogrel/aspirin — verify SKU)	1	1	Tablet
PLETOZ	Cilostazol	0	0	Tablet
PM-O--LINE	Medical device / consumable (non-drug)	0	0	Device
POLYBION	Vitamin B complex (injection)	0	0	Injection
POLYCAINE	Lidocaine (lignocaine) topical	1	0	Gel
POMET	Metoclopramide	0	0	Tablet
POTASSIUM	Potassium chloride	1	1	Injection
POTKLOR	Potassium chloride	1	1	Injection
PREDMET-4	Prednisolone	1	1	Tablet
PREGA	Pregabalin (+ methylcobalamin)	1	0	Capsule
PROKLOT	Antifibrinolytic / hemostatic (per SKU)	1	0	Injection
PROLOMET	Metoprolol + Telmisartan (verify)	0	0	Tablet
PROTERA	Omeprazole	0	0	Capsule
PROTINEX	Protein supplement	0	0	Powder
PRUVICT	Prucalopride	0	0	Tablet
PURENAP-D	Domperidone + Paracetamol	0	0	Tablet
PYROLATE-INJ	Glycopyrrolate	1	0	Injection
QUICKREL	Antiplatelet / anticoagulant (verify label)	1	1	Tablet
QUTAN-25	Quetiapine	1	0	Tablet
R-LOC-INJ	Pantoprazole	0	0	Injection
RABELOC	Rabeprazole	0	0	Tablet
RABEMAC	Pantoprazole / Rabeprazole / Omeprazole (+ domperidone per SKU)	0	0	Capsule
RABENT-DSR	Pantoprazole / Rabeprazole / Omeprazole (+ domperidone per SKU)	0	0	Capsule
RABEST-DSR	Pantoprazole / Rabeprazole / Omeprazole (+ domperidone per SKU)	0	0	Capsule
RABIROS-20MG	Pantoprazole / Rabeprazole / Omeprazole (+ domperidone per SKU)	0	0	Capsule
RABIROS-D	Pantoprazole / Rabeprazole / Omeprazole (+ domperidone per SKU)	0	0	Capsule
RABIROS-IT	Pantoprazole / Rabeprazole / Omeprazole (+ domperidone per SKU)	0	0	Capsule
RABIUM	Pantoprazole / Rabeprazole / Omeprazole (+ domperidone per SKU)	0	0	Capsule
RABLET	Rabeprazole	0	0	Tablet
RANIDOM	Pantoprazole / Rabeprazole / Omeprazole (+ domperidone per SKU)	0	0	Capsule
RANOPILL-500	Ranitidine	0	0	Tablet
RAPICLAV-625	Amoxicillin + Clavulanic acid	0	0	Tablet
RAZULAC	Rabeprazole + Levosulpiride	0	0	Capsule
RCINX-450	Rifaximin	0	0	Tablet
REBEST-DSR	Pantoprazole / Rabeprazole / Omeprazole (+ domperidone per SKU)	0	0	Capsule
REFACID-DSR	Pantoprazole / Rabeprazole / Omeprazole (+ domperidone per SKU)	0	0	Capsule
RETEFUSE	Reteplase	1	1	Injection
REVLAMER-800	Sevelamer	1	0	Tablet
REZFURAN	Nitrofurantoin	0	0	Tablet
RIFACARE	Rifampicin	1	1	Capsule
RISCON	Risperidone	1	0	Tablet
RITE-O-CEF-200	Cefixime (+ clavulanic / ofloxacin per SKU)	0	0	Tablet
ROBILAC	Lactulose	0	0	Syrup
ROLIFLO	Silodosin + Dutasteride	0	0	Capsule
ROPARK	Ropinirole	0	0	Tablet
ROSUL-GOLD	Rosuvastatin (+ combination per SKU)	0	0	Tablet
ROSULOP	Rosuvastatin (+ combination per SKU)	0	0	Tablet
ROSUVA	Rosuvastatin (+ combination per SKU)	0	0	Tablet
S-CELEPRA	Escitalopram	1	0	Tablet
S-CELEPRA-10	Escitalopram	1	0	Tablet
S-CELERA-5MG	Escitalopram	1	0	Tablet
S-CITONAZ	Escitalopram + Clonazepam	1	1	Tablet
SAGCON-150	Fluconazole	1	0	Tablet
SAGLOFEN-P	Dicyclomine + Paracetamol	0	0	Tablet
SAGLOFEN-TH4	Dicyclomine + Paracetamol	0	0	Tablet
SALBID	Salbutamol + Guaifenesin / cough	0	0	Syrup
SALBID-DX	Salbutamol + Guaifenesin / cough	0	0	Syrup
SELOKEN-XL-25	Metoprolol (extended release)	0	0	Tablet
SERENACE-INJ	Haloperidol	1	1	Injection
SGLTD	Dapagliflozin + Metformin + Saxagliptin (typical SGLT trio)	1	1	Tablet
SHELCAL	Vitamins / minerals / calcium / B-complex (per SKU)	0	0	Capsule
SILODAL	Silodosin	0	0	Capsule
SILSTONE	Calcium + alendronate (verify)	0	0	Tablet
SILYBON	Silymarin	0	0	Tablet
SILYBON-140	Silymarin	0	0	Tablet
SISCOB	Rosuvastatin (+ combination per SKU)	0	0	Tablet
SISCOB-P	Rosuvastatin (+ combination per SKU)	0	0	Tablet
SITAGL	Antidiabetic (metformin / glimepiride / sitagliptin / vildagliptin / DPP-4 per SKU)	1	1	Tablet
SITANORAM-DM	Antidiabetic (metformin / glimepiride / sitagliptin / vildagliptin / DPP-4 per SKU)	1	1	Tablet
SITANORM	Antidiabetic (metformin / glimepiride / sitagliptin / vildagliptin / DPP-4 per SKU)	1	1	Tablet
SITANORM-D	Antidiabetic (metformin / glimepiride / sitagliptin / vildagliptin / DPP-4 per SKU)	1	1	Tablet
SITANORM-DM1000	Antidiabetic (metformin / glimepiride / sitagliptin / vildagliptin / DPP-4 per SKU)	1	1	Tablet
SITANORM-E	Antidiabetic (metformin / glimepiride / sitagliptin / vildagliptin / DPP-4 per SKU)	1	1	Tablet
SITARED	Antidiabetic (metformin / glimepiride / sitagliptin / vildagliptin / DPP-4 per SKU)	1	1	Tablet
SNOGUT	Ispaghula / psyllium	0	0	Sachet
SNOVIFLOX-200	Levofloxacin / Ofloxacin (+ ornidazole in OZ lines)	0	0	Tablet
SNOVIFLOX-OZ	Levofloxacin / Ofloxacin (+ ornidazole in OZ lines)	0	0	Tablet
SODIUM-BICARBONATE-INJ	Sodium bicarbonate	0	0	Injection
SOFTOVAC-POWDER	Bulk laxative (verify)	0	0	Powder
SOLVIN	Chlorpheniramine + cold combination	0	0	Syrup
SORBITRATE-10	Isosorbide dinitrate / antianginal (per strength)	1	0	Tablet
SPARACID-LIQ	Magaldrate + Simethicone (antacid liquid)	0	0	Liquid
SPELZOL-80	Atorvastatin (+ combination per suffix)	0	0	Tablet
SPENDOTEL-40	Telmisartan + Hydrochlorothiazide	0	0	Tablet
SPENDOTEL-TRIO	Telmisartan + Amlodipine + Hydrochlorothiazide	0	0	Tablet
SPINFREE	Cinnarizine + Dimenhydrinate	0	0	Tablet
SPORLAC	Probiotic	0	0	Sachet
STAFCURE-500	Cefixime (+ clavulanic / ofloxacin per SKU)	0	0	Tablet
STEMETIL	Prochlorperazine	0	0	Tablet
STILNOCT	Zolpidem	1	1	Tablet
STOMACARE	Antacid / raft-forming (per SKU)	0	0	Liquid
STOPLOS	Vitamins / minerals / calcium / B-complex (per SKU)	0	0	Capsule
STPASE	Streptokinase	1	1	Injection
SUCATION	Suction catheter (device)	0	0	Device
SUCOL	Sucralfate	0	0	Syrup
SUCRAMAL	Sucralfate	0	0	Syrup
SUCTION	Suction catheter / vacuum connection (device)	0	0	Device
SUPACEF	Cefixime (+ clavulanic / ofloxacin per SKU)	0	0	Tablet
SUPERSPAS-INJ	Dicyclomine + Mefenamic acid / antispasmodic	0	0	Tablet
SUPERSPAS-TAB	Dicyclomine + Mefenamic acid / antispasmodic	0	0	Tablet
SUPRA-PLUS	Multivitamin + ginseng	0	0	Capsule
SUPRACAL	Vitamins / minerals / calcium / B-complex (per SKU)	0	0	Capsule
SUPRADYN	Vitamins / minerals / calcium / B-complex (per SKU)	0	0	Capsule
SURBEX	Vitamins / minerals / calcium / B-complex (per SKU)	0	0	Capsule
SYNDOPA	Levodopa + Carbidopa	1	0	Tablet
SYRINGE	Medical device / consumable (non-drug)	0	0	Device
SYRINGE-50ML	Medical device / consumable (non-drug)	0	0	Device
TALENDOL-1	Tramadol + Paracetamol	1	1	Tablet
TALVAS	Telmisartan + Amlodipine + Chlorthalidone (3D)	0	0	Tablet
TAMLOSIN-D	Tamsulosin + Dutasteride	0	0	Capsule
TAZLOC-20	Telmisartan	0	0	Tablet
TAZLOC-40	Telmisartan	0	0	Tablet
TAZOMAC-INJ	Carbapenem / beta-lactamase combo (per vial)	1	0	Injection
TELMA-BS	Telmisartan (+ Amlodipine / HCTZ / beta-blocker per SKU)	0	0	Tablet
TELMIHEIT-AM	Telmisartan (+ Amlodipine / HCTZ / beta-blocker per SKU)	0	0	Tablet
TELMIHIET-40	Telmisartan (+ Amlodipine / HCTZ / beta-blocker per SKU)	0	0	Tablet
TELMIKIND	Telmisartan (+ Amlodipine / HCTZ / beta-blocker per SKU)	0	0	Tablet
TELMIKIND-AMH	Telmisartan (+ Amlodipine / HCTZ / beta-blocker per SKU)	0	0	Tablet
TELMIKIND-H	Telmisartan (+ Amlodipine / HCTZ / beta-blocker per SKU)	0	0	Tablet
TELMITAL	Telmisartan (+ Amlodipine / HCTZ / beta-blocker per SKU)	0	0	Tablet
TELPLUS	Telmisartan (+ Amlodipine / HCTZ / beta-blocker per SKU)	0	0	Tablet
TELVAS	Telmisartan (+ Amlodipine / HCTZ / beta-blocker per SKU)	0	0	Tablet
TENDOCARE	Vitamins / minerals / calcium / B-complex (per SKU)	0	0	Capsule
THERMOSEAL-BRUSH	Medical device / consumable (non-drug)	0	0	Device
UNITHROMB-OINT	Thrombophobe / heparinoid ointment	0	0	Ointment
URICARE	Febuxostat / uric acid (verify)	1	0	Tablet
UROBAG	Medical device / consumable (non-drug)	0	0	Device
UROQUIL-25	Flavoxate / urinary antispasmodic	0	0	Tablet
URSOCAD	Ursodeoxycholic acid	0	0	Capsule
URSOCOL	Ursodeoxycholic acid	0	0	Capsule
URSOFORD	Ursodeoxycholic acid	0	0	Capsule
VALENTAS	Valsartan	0	0	Tablet
VALPRIDE-CR500	Sodium valproate (controlled release)	1	1	Tablet
VASOCON-INJ	Phenylephrine / vasopressor (verify vial)	1	1	Injection
VASOGLIM	Amlodipine + Metformin / antihypertensive (per SKU)	0	0	Tablet
VASOTEL	Amlodipine + Metformin / antihypertensive (per SKU)	0	0	Tablet
VASOTEL-40	Amlodipine + Metformin / antihypertensive (per SKU)	0	0	Tablet
VENTROL-FX	Montelukast + Fexofenadine	0	0	Tablet
VENTRYL	Ambroxol + Guaifenesin / cough	0	0	Syrup
VERMISOL-150	Levamisole / anthelmintic (verify)	0	0	Tablet
VICKS	Menthol topical / OTC (non-Rx)	0	0	Ointment
VILDAZEX-50	Antidiabetic (metformin / glimepiride / sitagliptin / vildagliptin / DPP-4 per SKU)	1	1	Tablet
VILDAZEX-M	Antidiabetic (metformin / glimepiride / sitagliptin / vildagliptin / DPP-4 per SKU)	1	1	Tablet
VILPOWER-D	Antidiabetic (metformin / glimepiride / sitagliptin / vildagliptin / DPP-4 per SKU)	1	1	Tablet
VILPOWER-DM	Antidiabetic (metformin / glimepiride / sitagliptin / vildagliptin / DPP-4 per SKU)	1	1	Tablet
VILPOWER-M500	Antidiabetic (metformin / glimepiride / sitagliptin / vildagliptin / DPP-4 per SKU)	1	1	Tablet
VINICOR	Amlodipine + Metoprolol (per SKU)	0	0	Tablet
VOGS	Antidiabetic (metformin / glimepiride / sitagliptin / vildagliptin / DPP-4 per SKU)	1	1	Tablet
VOLDEX	Ambroxol + Dextromethorphan	0	0	Syrup
VOVERAN	Diclofenac	0	0	Tablet
VSL	Probiotic (VSL#3)	0	0	Sachet
VYOPEM	Meropenem	1	1	Injection
WOKADINE	Povidone-iodine	0	0	Solution
XTOR	Atorvastatin (+ combination per suffix)	0	0	Tablet
XTOR-20	Atorvastatin (+ combination per suffix)	0	0	Tablet
Z&B	Multivitamin + zinc paediatric drops (per label)	0	0	Drops
ZEDEX	Dextromethorphan + antihistamine + bronchodilator (per SKU)	0	0	Syrup
ZEDEX-LDP	Dextromethorphan + antihistamine + bronchodilator (per SKU)	0	0	Syrup
ZEDEX-PLUS	Dextromethorphan + antihistamine + bronchodilator (per SKU)	0	0	Syrup
ZEDEX-SF	Dextromethorphan + antihistamine + bronchodilator (per SKU)	0	0	Syrup
ZEFINAC	Aceclofenac	0	0	Tablet
ZEFLON	Levofloxacin / Ofloxacin (+ ornidazole in OZ lines)	0	0	Tablet
ZEGZEN-D	Pantoprazole + Domperidone	0	0	Capsule
ZENOXA	Oxcarbazepine	1	0	Tablet
ZENPOSE	Paliperidone / risperidone derivative (verify)	1	1	Tablet
ZENTEL-400	Albendazole	0	0	Tablet
ZERODOL-P	Aceclofenac + Paracetamol	0	0	Tablet
ZESSEX	Serratiopeptidase	0	0	Tablet
ZEVIANT	Multivitamin + antioxidant	0	0	Capsule
ZIFI	Cefixime (+ clavulanic / ofloxacin per SKU)	0	0	Tablet
ZIFOL-XT	Vitamins / minerals / calcium / B-complex (per SKU)	0	0	Capsule
ZILARTA	Olmesartan (+ HCTZ / Amlodipine per SKU)	0	0	Tablet
ZIMOCEE	Cefixime + Linezolid	1	0	Tablet
ZOLFRESH	Zolpidem	1	1	Tablet
ZOLINE-50	Amisulpride	1	0	Tablet
ZORYL	Antidiabetic (metformin / glimepiride / sitagliptin / vildagliptin / DPP-4 per SKU)	1	1	Tablet
ZORYL-M2	Glimepiride + Metformin	1	1	Tablet
